{
    "metrics/precision(B)": 0.7284219763577472,
    "metrics/recall(B)": 0.07631067961165049,
    "metrics/mAP50(B)": 0.10661234710311118,
    "metrics/mAP50-95(B)": 0.05267079924116308,
    "fitness": 0.058064954027357896
}